 ,Totals,Averages,15_Romans,06_Hebrews,13_1CorinthiansESSWYIN2DA.wav,05_Luke,22_Luke,01_1Timothy,08_Mark,27_Acts,12_Matthew,10_1CorinthiansESSWYIN2DA.wav,13_Hebrews,12_John,17_John,07_Romans,06_1CorinthiansESSWYIN2DA.wav,06_Luke,05_1Thess,02_1Peter,02_2Peter,09_Luke,01_Luke,24_Luke,01_2Peter,09_Acts,06_Revelation__ESSWYIN2DA.wav,09_Matthew,08_Hebrews,02_Hebrews,02_Revelation__ESSWYIN2DA.wav,02_2Timothy,03_Luke,01_2John,02_Colossians__ESSWYIN2DA.wav,03_1Peter,16_Revelation__ESSWYIN2DA.wav,05_James,14_Acts,08_Matthew,02_Mark,18_Acts,20_Acts,03_1Timothy,04_2CorinthiansESSWYIN2DA.wav,01_Revelation__ESSWYIN2DA.wav,04_1John,05_Matthew,08_John,09_2CorinthiansESSWYIN2DA.wav,24_Matthew,03_2CorinthiansESSWYIN2DA.wav,06_Romans,05_Mark,05_Revelation__ESSWYIN2DA.wav,07_John,13_Romans,18_Revelation__ESSWYIN2DA.wav,04_Colossians__ESSWYIN2DA.wav,05_John,06_1Timothy,01_Romans,01_2CorinthiansESSWYIN2DA.wav,12_Revelation__ESSWYIN2DA.wav,17_Matthew,04_2Timothy,25_Acts,07_Matthew,14_Romans,01_Mark,06_Matthew,03_Acts,04_Matthew,25_Matthew,03_Revelation__ESSWYIN2DA.wav,17_Revelation__ESSWYIN2DA.wav,10_Mark,10_Luke,04_1Timothy,04_Philippians_ESSWYIN2DA.wav,05_Hebrews,02_Titus,03_John,04_1Peter,16_John,04_John,06_Acts,01_1Thess,14_John,07_Luke,11_John,01_John,14_Matthew,12_Hebrews,04_Acts,10_Acts,03_Matthew,15_Revelation__ESSWYIN2DA.wav,02_Luke,22_Acts,08_Romans,15_Matthew,01_Philippians_ESSWYIN2DA.wav,01_1John,13_John,14_Mark,02_Galatians,01_1Peter,11_Mark,05_Acts,16_Matthew,08_Acts,13_2CorinthiansESSWYIN2DA.wav,03_2Peter,14_1CorinthiansESSWYIN2DA.wav,17_Luke,07_Hebrews,28_Acts,21_Acts,22_Matthew,19_Acts,06_Galatians,05_Ephesians,01_Jude,02_Matthew,15_Luke,13_Luke,02_1John,26_Acts,01_James,05_Galatians,06_2CorinthiansESSWYIN2DA.wav,08_1CorinthiansESSWYIN2DA.wav,27_Matthew,09_1CorinthiansESSWYIN2DA.wav,10_2CorinthiansESSWYIN2DA.wav,10_Matthew,14_Luke,04_Romans,04_Revelation__ESSWYIN2DA.wav,16_Romans,09_Revelation__ESSWYIN2DA.wav,11_Acts,01_Philemon,03_2Timothy,02_Acts,11_Revelation__ESSWYIN2DA.wav,02_Romans,06_John,03_2Thess,11_Hebrews,03_Philippians_ESSWYIN2DA.wav,12_Romans,07_2CorinthiansESSWYIN2DA.wav,10_Revelation__ESSWYIN2DA.wav,23_Luke,11_Romans,05_Romans,13_Revelation__ESSWYIN2DA.wav,01_Hebrews,11_Luke,05_2CorinthiansESSWYIN2DA.wav,14_Revelation__ESSWYIN2DA.wav,15_John,20_John,02_Ephesians,05_1Timothy,01_Matthew,02_2CorinthiansESSWYIN2DA.wav,18_Matthew,15_Acts,03_James,21_Matthew,01_Acts,02_1Timothy,04_Luke,18_Luke,22_Revelation__ESSWYIN2DA.wav,01_3John,13_Mark,02_1CorinthiansESSWYIN2DA.wav,05_1John,07_Acts,03_Galatians,17_Acts,03_Mark,12_Luke,11_2CorinthiansESSWYIN2DA.wav,19_Revelation__ESSWYIN2DA.wav,21_John,03_1Thess,04_1Thess,19_John,04_1CorinthiansESSWYIN2DA.wav,02_Philippians_ESSWYIN2DA.wav,28_Matthew,12_Mark,03_Ephesians,12_2CorinthiansESSWYIN2DA.wav,16_1CorinthiansESSWYIN2DA.wav,01_Titus,04_Hebrews,03_Titus,09_Romans,10_Hebrews,16_Mark,26_Matthew,20_Luke,23_Matthew,05_1Peter,16_Acts,09_Hebrews,04_James,08_Luke,06_Mark,08_Revelation__ESSWYIN2DA.wav,06_Ephesians,01_1CorinthiansESSWYIN2DA.wav,02_2Thess,07_Mark,19_Luke,13_Acts,07_1CorinthiansESSWYIN2DA.wav,03_1John,12_Acts,03_Romans,10_Romans,04_Mark,07_Revelation__ESSWYIN2DA.wav,16_Luke,02_1Thess,02_James,24_Acts,09_Mark,01_Ephesians,01_2Thess,05_1CorinthiansESSWYIN2DA.wav,01_Colossians__ESSWYIN2DA.wav,01_Galatians,04_Ephesians,15_1CorinthiansESSWYIN2DA.wav,21_Revelation__ESSWYIN2DA.wav,20_Matthew,19_Matthew,11_1CorinthiansESSWYIN2DA.wav,03_Colossians__ESSWYIN2DA.wav,02_John,18_John,10_John,12_1CorinthiansESSWYIN2DA.wav,01_2Timothy,04_Galatians,13_Matthew,11_Matthew,03_1CorinthiansESSWYIN2DA.wav,03_Hebrews,09_John,20_Revelation__ESSWYIN2DA.wav,15_Mark,23_Acts,08_2CorinthiansESSWYIN2DA.wav,21_Luke
Samples read,1710825965,6580099.865,7061974,5082336,3152240,7306188,12484609,5185538,7216193,7118346,11052065,7722588,5709209,9959688,5274186,5881467,5613377,9841693,4039922,5867390,6523792,12083660,12188460,8154027,5479295,7665676,4727775,7928261,3604337,5099204,8248018,5270748,8170253,3143122,5362175,5213073,4944900,5523690,5603336,6686118,6763548,5464345,7328922,3495759,4238005,6091465,4866011,10557046,11895248,3606644,8888901,3517922,5929625,7274840,4219305,9988576,3848003,7350508,4073606,9611130,5395219,7840914,5456010,4305294,5202181,4258802,5530202,6386841,5326586,9369317,7697366,5700662,5965771,8152096,6373145,5447367,9285422,8802724,3324968,5377615,3456081,3255686,7324668,4625380,6735714,10660223,3707625,2722803,5868102,10029273,9664977,9724897,5688191,7712416,7496997,7950413,4208243,2791840,8964572,5880118,9966239,7145304,6593447,2227117,7666979,13573030,5903688,7135213,5991809,8316096,6500260,7003142,3227685,4538268,9581600,6955073,7586007,6319311,7991692,7828521,8316993,3674799,6106986,10306227,5626276,5854655,7451710,7335291,6878678,5661542,5145300,3938978,3131678,11293250,7503135,3595851,8525616,7169701,7265764,3929861,6434034,5305205,5151544,4670004,3694793,8976387,5564893,7594507,13127622,3632007,11272007,5293454,4178819,4660000,2868482,8703383,9102418,6327627,5577863,3466091,11551349,4674490,5915778,4997452,6252575,4637772,5226655,4312426,3927918,7149160,8452717,4011297,9820084,5981249,2987114,8057538,7773075,6496104,3677603,7089472,4623929,4425764,13075927,7308983,7777220,6237545,12545429,7220660,6054174,5872667,3250797,3860104,8740440,5416743,6198568,3460966,10086476,4270165,6144898,4219042,4705046,4535766,3366804,7646266,8686723,5210809,13447799,8581618,9011276,3630887,7832272,8434574,3987542,11736113,11438290,3457295,5122259,8116895,4475529,7295563,8366565,11224118,10074961,5382969,4804356,6788697,5096818,9256202,4497382,7288357,5710094,6522273,5325699,10062821,4730244,3177520,3200407,7329294,4486258,6416181,11983423,7312107,6743061,6420588,7464247,4896887,5034502,8075610,7419151,6766338,4262886,6209131,11972403,6420114,5286346,4435841,7922346,4822096,8094578,6319789,5355607,7137076
Length (seconds),106926.6228,411.2562416,441.373375,317.646,197.015,456.63675,780.288063,324.096125,451.012063,444.896625,690.754063,482.66175,356.825562,622.4805,329.636625,367.591687,350.836063,615.105812,252.495125,366.711875,407.737,755.22875,761.77875,509.626688,342.455938,479.10475,295.485937,495.516313,225.271062,318.70025,515.501125,329.42175,510.640812,196.445125,335.135938,325.817063,309.05625,345.230625,350.2085,417.882375,422.72175,341.521563,458.057625,218.484938,264.875313,380.716563,304.125688,659.815375,743.453,225.41525,555.556312,219.870125,370.601562,454.6775,263.706563,624.286,240.500188,459.40675,254.600375,600.695625,337.201188,490.057125,341.000625,269.080875,325.136312,266.175125,345.637625,399.177563,332.911625,585.582312,481.085375,356.291375,372.860687,509.506,398.321563,340.460438,580.338875,550.17025,207.8105,336.100937,216.005063,203.480375,457.79175,289.08625,420.982125,666.263937,231.726562,170.175187,366.756375,626.829562,604.061063,607.806063,355.511937,482.026,468.562313,496.900812,263.015188,174.49,560.28575,367.507375,622.889937,446.5815,412.090438,139.194813,479.186188,848.314375,368.9805,445.950812,374.488063,519.756,406.26625,437.696375,201.730312,283.64175,598.85,434.692063,474.125437,394.956937,499.48075,489.282562,519.812063,229.674937,381.686625,644.139188,351.64225,365.915937,465.731875,458.455688,429.917375,353.846375,321.58125,246.186125,195.729875,705.828125,468.945938,224.740688,532.851,448.106313,454.11025,245.616312,402.127125,331.575312,321.9715,291.87525,230.924563,561.024188,347.805813,474.656687,820.476375,227.000438,704.500437,330.840875,261.176188,291.25,179.280125,543.961437,568.901125,395.476688,348.616438,216.630687,721.959313,292.155625,369.736125,312.34075,390.785937,289.86075,326.665937,269.526625,245.494875,446.8225,528.294813,250.706063,613.75525,373.828062,186.694625,503.596125,485.817187,406.0065,229.850188,443.092,288.995563,276.61025,817.245437,456.811438,486.07625,389.846563,784.089313,451.29125,378.385875,367.041688,203.174813,241.2565,546.2775,338.546438,387.4105,216.310375,630.40475,266.885312,384.056125,263.690125,294.065375,283.485375,210.42525,477.891625,542.920187,325.675563,840.487438,536.351125,563.20475,226.930438,489.517,527.160875,249.221375,733.507062,714.893125,216.080938,320.141188,507.305938,279.720563,455.972688,522.910313,701.507375,629.685062,336.435563,300.27225,424.293563,318.551125,578.512625,281.086375,455.522312,356.880875,407.642063,332.856187,628.926312,295.64025,198.595,200.025438,458.080875,280.391125,401.011312,748.963938,457.006687,421.441312,401.28675,466.515438,306.055437,314.656375,504.725625,463.696937,422.896125,266.430375,388.070688,748.275188,401.257125,330.396625,277.240063,495.146625,301.381,505.911125,394.986812,334.725437,446.06725
Scaled by,,2147483647,2147483647,2147483647,2147483647,2147483647,2147483647,2147483647,2147483647,2147483647,2147483647,2147483647,2147483647,2147483647,2147483647,2147483647,2147483647,2147483647,2147483647,2147483647,2147483647,2147483647,2147483647,2147483647,2147483647,2147483647,2147483647,2147483647,2147483647,2147483647,2147483647,2147483647,2147483647,2147483647,2147483647,2147483647,2147483647,2147483647,2147483647,2147483647,2147483647,2147483647,2147483647,2147483647,2147483647,2147483647,2147483647,2147483647,2147483647,2147483647,2147483647,2147483647,2147483647,2147483647,2147483647,2147483647,2147483647,2147483647,2147483647,2147483647,2147483647,2147483647,2147483647,2147483647,2147483647,2147483647,2147483647,2147483647,2147483647,2147483647,2147483647,2147483647,2147483647,2147483647,2147483647,2147483647,2147483647,2147483647,2147483647,2147483647,2147483647,2147483647,2147483647,2147483647,2147483647,2147483647,2147483647,2147483647,2147483647,2147483647,2147483647,2147483647,2147483647,2147483647,2147483647,2147483647,2147483647,2147483647,2147483647,2147483647,2147483647,2147483647,2147483647,2147483647,2147483647,2147483647,2147483647,2147483647,2147483647,2147483647,2147483647,2147483647,2147483647,2147483647,2147483647,2147483647,2147483647,2147483647,2147483647,2147483647,2147483647,2147483647,2147483647,2147483647,2147483647,2147483647,2147483647,2147483647,2147483647,2147483647,2147483647,2147483647,2147483647,2147483647,2147483647,2147483647,2147483647,2147483647,2147483647,2147483647,2147483647,2147483647,2147483647,2147483647,2147483647,2147483647,2147483647,2147483647,2147483647,2147483647,2147483647,2147483647,2147483647,2147483647,2147483647,2147483647,2147483647,2147483647,2147483647,2147483647,2147483647,2147483647,2147483647,2147483647,2147483647,2147483647,2147483647,2147483647,2147483647,2147483647,2147483647,2147483647,2147483647,2147483647,2147483647,2147483647,2147483647,2147483647,2147483647,2147483647,2147483647,2147483647,2147483647,2147483647,2147483647,2147483647,2147483647,2147483647,2147483647,2147483647,2147483647,2147483647,2147483647,2147483647,2147483647,2147483647,2147483647,2147483647,2147483647,2147483647,2147483647,2147483647,2147483647,2147483647,2147483647,2147483647,2147483647,2147483647,2147483647,2147483647,2147483647,2147483647,2147483647,2147483647,2147483647,2147483647,2147483647,2147483647,2147483647,2147483647,2147483647,2147483647,2147483647,2147483647,2147483647,2147483647,2147483647,2147483647,2147483647,2147483647,2147483647,2147483647,2147483647,2147483647,2147483647,2147483647,2147483647,2147483647,2147483647,2147483647,2147483647,2147483647,2147483647,2147483647,2147483647,2147483647,2147483647,2147483647,2147483647,2147483647,2147483647,2147483647,2147483647,2147483647,2147483647,2147483647,2147483647,2147483647,2147483647,2147483647,2147483647,2147483647
Maximum amplitude,,0.993132812,0.995148,0.999969,0.999969,0.995483,0.969879,0.999969,0.999969,0.999298,0.967987,0.999969,0.999969,0.999969,0.99826,0.99939,0.999969,0.999969,0.999969,0.995728,0.98175,0.96463,0.999969,0.968811,0.98877,0.999969,0.992798,0.999969,0.999969,0.999969,0.99707,0.999969,0.999969,0.973846,0.991699,0.989532,0.999969,0.999969,0.999969,0.973724,0.999969,0.999969,0.999969,0.999969,0.999969,0.983521,0.982819,0.9823,0.999268,0.999969,0.99765,0.994629,0.999969,0.991577,0.994049,0.999969,0.999969,0.999969,0.9888,0.999969,0.999969,0.9841,0.999969,0.97522,0.973846,0.999969,0.999969,0.999969,0.999268,0.995178,0.975616,0.99884,0.972168,0.973785,0.993988,0.998352,0.988922,0.993805,0.999969,0.999969,0.999969,0.999969,0.999969,0.996368,0.983063,0.999969,0.999969,0.995697,0.999542,0.996979,0.995636,0.999969,0.979706,0.999969,0.999969,0.999969,0.970917,0.989441,0.989685,0.999969,0.999969,0.971466,0.99707,0.996887,0.981476,0.999969,0.999969,0.991699,0.983215,0.999969,0.999817,0.999969,0.998077,0.998291,0.999969,0.970459,0.999969,0.999298,0.999969,0.972565,0.999969,0.998016,0.999969,0.999969,0.973724,0.966278,0.935455,0.999969,0.999969,0.999969,0.999969,0.999969,0.999969,0.971954,0.999969,0.99646,0.967957,0.94342,0.999969,0.986084,0.999969,0.980469,0.999969,0.999969,0.999969,0.995605,0.999268,0.999969,0.999969,0.999969,0.999969,0.999969,0.999969,0.987549,0.99585,0.962311,0.999969,0.999542,0.992004,0.999969,0.999969,0.999878,0.991638,0.998383,0.997772,0.999969,0.999969,0.962158,0.999969,0.975433,0.999969,0.999969,0.972443,0.999817,0.999969,0.983673,0.972565,0.989563,0.977722,0.980957,0.999969,0.986053,0.999969,0.999969,0.999969,0.999969,0.94043,0.999969,0.99527,0.996948,0.999969,0.999969,0.999969,0.999969,0.999969,0.974976,0.99585,0.999969,0.988342,0.999969,0.999969,0.999969,0.999969,0.999969,0.999969,0.975891,0.984131,0.975922,0.990814,0.988586,0.999969,0.999969,0.999969,0.970581,0.990448,0.995026,0.999969,0.999969,0.999969,0.983856,0.979706,0.999969,0.999969,0.999237,0.999969,0.999969,0.999969,0.9953,0.980591,0.991699,0.999969,0.999969,0.99353,0.984772,0.999969,0.999969,0.999969,0.999969,0.999969,0.999969,0.999969,0.978638,0.970673,0.968323,0.999969,0.999969,0.999969,0.999969,0.994324,0.999969,0.999969,0.999969,0.99881,0.971588,0.999969,0.999969,0.999969,0.998596,0.999969,0.999969,0.999969,0.987061
Minimum amplitude,,-0.972348969,-0.948578,-1,-1,-1,-0.997314,-1,-0.94519,-0.901184,-0.957214,-1,-1,-0.994934,-0.974823,-0.950226,-1,-1,-0.955902,-0.929749,-0.919189,-0.984283,-1,-1,-0.925201,-0.953857,-0.98288,-0.951813,-1,-1,-0.980682,-0.990021,-0.994995,-0.977875,-0.981598,-0.922089,-1,-1,-1,-0.950592,-0.925903,-0.921967,-0.988617,-0.968323,-1,-0.972046,-0.977936,-0.960907,-1,-0.994293,-0.949341,-0.995483,-0.934052,-0.945862,-0.953705,-1,-0.974304,-0.976135,-0.971436,-0.978027,-0.993927,-0.938141,-1,-0.961456,-0.948975,-0.99295,-0.956635,-1,-0.959595,-0.893921,-0.942017,-0.92749,-0.926453,-0.948456,-0.978333,-0.967041,-0.929413,-0.995422,-0.999969,-0.98761,-1,-0.977112,-0.950653,-0.92807,-0.971802,-0.982941,-0.990753,-0.971405,-0.973389,-1,-1,-0.989594,-0.941589,-1,-0.977783,-0.966705,-0.95639,-0.98645,-1,-0.914551,-0.941681,-0.940338,-0.986115,-0.970734,-0.98053,-0.960327,-1,-0.919678,-0.930756,-1,-0.946777,-0.989594,-1,-0.911469,-1,-1,-1,-0.943115,-0.938202,-0.933044,-0.92923,-0.997955,-1,-1,-0.943451,-0.993225,-0.996094,-0.989471,-0.94342,-1,-0.999969,-0.990448,-1,-0.944336,-1,-1,-0.942444,-1,-0.940002,-0.973663,-0.956787,-0.97998,-1,-1,-0.99588,-0.863922,-0.958313,-0.946198,-0.979645,-0.959564,-1,-0.96698,-0.950745,-0.991364,-0.971649,-1,-0.945282,-0.933807,-0.979065,-1,-1,-0.996948,-0.987549,-0.979187,-0.983978,-1,-0.983093,-0.945435,-1,-0.938263,-0.930573,-1,-0.956482,-0.901428,-0.972382,-0.988495,-1,-0.972046,-0.982361,-0.959015,-1,-0.979156,-1,-0.999908,-0.925598,-0.931641,-0.994965,-1,-0.941223,-0.973053,-0.999207,-0.983551,-0.981995,-1,-0.976074,-0.937042,-0.927765,-1,-1,-1,-0.956024,-1,-0.974426,-0.944214,-1,-0.914856,-0.946289,-1,-0.946991,-0.893066,-0.935913,-1,-1,-1,-0.96225,-0.965546,-1,-1,-0.940948,-0.932648,-1,-1,-1,-0.960938,-0.988739,-0.953217,-0.93634,-0.928497,-0.949341,-0.992188,-1,-1,-0.935791,-0.953308,-0.997803,-0.946777,-1,-0.973267,-1,-1,-1,-0.960571,-0.935638,-0.941986,-1,-0.970551,-0.957306,-0.978485,-1,-1,-0.935547,-1,-0.942566,-0.982025,-0.999512,-1,-1,-0.980682,-1,-0.931183,-0.996124,-1
Midline amplitude,,0.010392112,0.023285,-0.000015,-0.000015,-0.002258,-0.013718,-0.000015,0.02739,0.049057,0.005386,-0.000015,-0.000015,0.002518,0.011719,0.024582,-0.000015,-0.000015,0.022034,0.03299,0.031281,-0.009827,-0.000015,-0.015594,0.031784,0.023056,0.004959,0.024078,-0.000015,-0.000015,0.008194,0.004974,0.002487,-0.002014,0.005051,0.033722,-0.000015,-0.000015,-0.000015,0.011566,0.037033,0.039001,0.005676,0.015823,-0.000015,0.005737,0.002441,0.010696,-0.000366,0.002838,0.024155,-0.000427,0.032959,0.022858,0.020172,-0.000015,0.012833,0.011917,0.008682,0.010971,0.003021,0.02298,-0.000015,0.006882,0.012436,0.00351,0.021667,-0.000015,0.019836,0.050629,0.0168,0.035675,0.022858,0.012665,0.007828,0.015656,0.029755,-0.000809,0,0.00618,-0.000015,0.011429,0.024658,0.034149,0.00563,0.008514,0.004608,0.012146,0.013077,-0.001511,-0.002182,0.005188,0.019058,-0.000015,0.011093,0.016632,0.007263,0.001495,-0.005157,0.042709,0.029144,0.015564,0.005478,0.013077,0.000473,0.019821,-0.000015,0.036011,0.02623,-0.000015,0.02652,0.005188,-0.000961,0.043411,-0.000015,-0.014771,-0.000015,0.028091,0.030884,0.01976,0.03537,0.000031,-0.000015,-0.000015,0.015137,-0.013474,-0.030319,0.005249,0.028275,-0.000015,0,0.004761,-0.000015,0.013809,-0.000015,-0.00177,0.012756,-0.02829,0.029984,0.00621,0.021591,0.000244,-0.000015,-0.000015,0.002045,0.065842,0.020477,0.026886,0.010162,0.020203,-0.000015,0.016495,0.024612,-0.001907,0.0121,-0.018845,0.027344,0.032867,0.00647,-0.000015,-0.000015,0.001465,0.002045,0.009598,0.006897,-0.000015,0.008438,0.008362,-0.000015,0.018585,0.034698,-0.000015,0.00798,0.049194,0.013794,-0.002411,-0.013718,0.008759,-0.002319,0.010971,-0.000015,0.003448,-0.000015,0.000031,0.037186,0.034164,-0.027267,-0.000015,0.027023,0.011948,0.000381,0.008209,0.008987,-0.000015,0.011948,0.018967,0.034042,-0.000015,-0.005829,-0.000015,0.021973,-0.000015,0.012772,0.027878,-0.000015,0.030518,0.018921,-0.012039,0.021912,0.04776,0.032028,-0.000015,-0.000015,-0.014709,0.014099,0.01474,-0.000015,-0.000015,0.02951,0.025604,-0.010147,-0.000015,-0.000015,0.01915,0.005615,0.023376,0.031815,0.033401,0.015625,-0.000244,-0.000015,-0.000015,0.02887,0.015732,0.001083,0.026596,-0.000015,0.013351,-0.000015,-0.000015,-0.000015,0.009033,0.017517,0.013168,-0.000015,0.014709,0.021332,0.010742,-0.002838,-0.000015,0.032211,-0.000015,0.028122,-0.005219,0.000229,-0.000015,-0.000015,0.008957,-0.000015,0.034393,0.001923,-0.00647
Mean    norm,,0.115729604,0.091511,0.136148,0.154941,0.121019,0.10459,0.09559,0.137015,0.092019,0.121904,0.140821,0.121036,0.117055,0.116773,0.090557,0.130684,0.107398,0.098495,0.120148,0.123014,0.101065,0.105565,0.092274,0.112124,0.096809,0.120176,0.105101,0.131307,0.135523,0.113937,0.097885,0.100195,0.108743,0.111687,0.112782,0.12561,0.140683,0.117502,0.117988,0.102975,0.098309,0.080959,0.100631,0.14776,0.11614,0.115972,0.101231,0.113018,0.147535,0.121233,0.133899,0.083248,0.12747,0.123679,0.122509,0.085596,0.116887,0.100924,0.127255,0.105163,0.085998,0.142445,0.114974,0.113391,0.097672,0.09548,0.106454,0.084089,0.092777,0.093665,0.090016,0.101915,0.113186,0.110812,0.119723,0.130409,0.111919,0.087777,0.091482,0.148085,0.093967,0.120127,0.118425,0.114989,0.12562,0.103069,0.091507,0.130253,0.112942,0.125833,0.123059,0.115077,0.134494,0.104062,0.105909,0.094232,0.114748,0.100412,0.084584,0.08727,0.108005,0.104364,0.125887,0.121212,0.128883,0.13582,0.102863,0.132094,0.097646,0.112398,0.118177,0.133323,0.120233,0.153015,0.108829,0.124668,0.087345,0.087376,0.120394,0.100008,0.144027,0.145803,0.142283,0.110111,0.105823,0.113312,0.111478,0.086576,0.135501,0.144155,0.134506,0.139327,0.113958,0.143643,0.150881,0.121103,0.109088,0.084383,0.113261,0.082591,0.119665,0.132219,0.109058,0.091855,0.095739,0.108904,0.087706,0.127849,0.096344,0.123247,0.099611,0.085891,0.142835,0.121837,0.101333,0.08461,0.082534,0.115078,0.151282,0.117645,0.142338,0.125446,0.126757,0.11444,0.144434,0.107119,0.153902,0.141446,0.131436,0.095097,0.135933,0.11668,0.095882,0.102573,0.112912,0.100119,0.112335,0.113514,0.133741,0.154009,0.110059,0.105618,0.140149,0.087359,0.122654,0.119139,0.136863,0.125673,0.113199,0.088432,0.096258,0.119628,0.137225,0.099682,0.120157,0.123072,0.136653,0.129729,0.122962,0.095453,0.133279,0.097513,0.092013,0.145309,0.113399,0.111355,0.116793,0.113633,0.103328,0.096023,0.148954,0.14936,0.112332,0.127533,0.120991,0.152896,0.135757,0.090553,0.131129,0.107575,0.106994,0.141112,0.117871,0.127451,0.087624,0.085825,0.103562,0.133177,0.103661,0.085498,0.131992,0.090519,0.116549,0.149965,0.098552,0.126562,0.08601,0.139986,0.13266,0.154533,0.121472,0.115864,0.1258,0.13507,0.105206,0.116489,0.114895,0.114857,0.151181,0.09003,0.14899,0.115606,0.121523,0.13585,0.136577,0.127302,0.118727,0.122506,0.08593,0.144765,0.108645
Mean    amplitude,,0.000108685,0.000017,0.000044,-0.000128,0.000138,0.000122,-0.000008,0.000166,0.000668,-0.000014,0.000055,0.000139,0.000117,0.000051,0.000234,0.0001,0.000129,0.000041,0.000127,0.000234,0.000056,0.000031,0.000037,0.000065,0.000063,0.000623,0.0001,0.000046,0.000054,0.00019,0.000058,0.0003,0.000027,0.000015,0.00016,0.000848,-0.00006,0.000048,0.000035,0.000237,0.000143,0.000107,-0.000009,-0.000005,0.000121,0.000153,-0.000008,0.00011,-0.000001,0.000003,0.000005,0.00011,0.000123,0.000374,0.000143,0.000159,0.000363,0.000051,0.000031,0.000001,0.000106,-0.000014,0.000384,0.000051,0.000027,0.000068,0.000099,0.000172,0.000135,0.000002,0.000087,0.000017,0.000279,0.000157,0.000298,0.000087,0.000017,0,0.000035,0.000069,0.000124,0.000192,0.000216,0.000115,0.000033,0.000146,0.000023,0.00006,0.000044,0.000085,0.000049,0.000313,0.00001,0.00006,0.000034,0.0001,0.000562,0.000115,-0.000011,0.000127,0.000091,0.000013,0.000008,0.000095,0.000104,-0.000014,0.000132,0.00017,0.000067,0.000412,0.000173,-0.000009,0.00021,0.000047,0.000032,0.000058,0.000113,0.000166,-0.000029,0.000026,-0.000018,-0.000044,-0.000037,0.000224,0.000068,-0.000002,0.000114,0.000076,-0.000005,-0.000019,0.000172,0.000054,0.000192,0.000037,0.000013,0.000049,0.000047,0.000078,0.000282,0.000022,0.000465,0.000016,0.00056,0.000033,0.000162,0.000504,0.000092,0.000137,0.000031,0.000027,0.000025,0.000077,-0.000089,0.000409,-0.000012,0.000129,0.000137,0.000858,0.000054,0.000036,-0.000002,0.000313,0.000146,0.000093,-0.000052,0,-0.000059,0.000022,0.000029,0.000055,0.000097,0.000055,0.000115,-0.00001,0.000063,0.000011,0.000277,0.000381,0.000097,-0.000169,-0.000005,0.000123,-0.000007,0.000186,0.000168,0.000188,0.000145,0.000389,0.000117,0.000036,0.000025,0.000137,0.000022,0.000029,0.000245,0.000169,0.00007,0.000097,0.000289,0.000183,0.000022,0.000074,0.000151,-0.000004,0.000156,0.000227,0.000049,0.000005,0.000095,0.000003,0.000032,0.000083,0.000022,0.000074,0.000674,-0.00001,-0.000021,0.000048,0.000093,0.000218,0.000057,0.000025,0.000076,0.000044,0.000164,0.000131,0.000171,0.000246,0.000073,0.000022,-0.000029,-0.000016,0.000071,-0.000009,0.000019,0.000124,0.00001,0.000016,0.000068,0.000016,0.000272,0.000034,0.000042,0.000334,0.000077,0.000218,0.000126,0.000042,0.000168,0.000045,0.000071,0.00003,0.000013,-0.000007,0.000047,0.000032,0.000373,0.000331,0.000163,0.000044,0.000034
RMS     amplitude,,0.18978075,0.162027,0.219095,0.247905,0.192185,0.172669,0.165461,0.21661,0.150763,0.205038,0.225518,0.204098,0.186593,0.1859,0.159596,0.219166,0.17817,0.167974,0.198533,0.198523,0.166579,0.17453,0.159853,0.182538,0.161379,0.186709,0.179688,0.214596,0.221637,0.183926,0.167054,0.165422,0.181153,0.182382,0.182234,0.189501,0.230857,0.188348,0.198061,0.170167,0.166777,0.144998,0.169248,0.235328,0.186475,0.188504,0.175715,0.185501,0.231252,0.200383,0.209967,0.154429,0.202225,0.190083,0.197979,0.154304,0.185901,0.164542,0.204914,0.176726,0.14924,0.230508,0.177639,0.192981,0.165602,0.162736,0.184887,0.149708,0.158929,0.169111,0.148631,0.175904,0.19456,0.183254,0.187869,0.209107,0.182011,0.154299,0.158625,0.239002,0.162622,0.192235,0.190325,0.187452,0.202682,0.173106,0.158935,0.208531,0.185266,0.199068,0.203777,0.19364,0.216574,0.173152,0.175036,0.16515,0.182786,0.168328,0.149262,0.150764,0.184096,0.174088,0.20636,0.195082,0.205258,0.220322,0.17219,0.209747,0.166166,0.192665,0.185327,0.21311,0.188976,0.236321,0.176915,0.205021,0.152758,0.149762,0.204052,0.166206,0.224948,0.231772,0.229693,0.188868,0.173517,0.182631,0.182269,0.150919,0.220779,0.230611,0.212903,0.224936,0.190295,0.23124,0.234155,0.201481,0.181013,0.153818,0.180115,0.156718,0.186617,0.208526,0.187397,0.158428,0.154334,0.173065,0.160418,0.200471,0.16555,0.20165,0.170814,0.152995,0.226145,0.192721,0.170155,0.145889,0.147601,0.180012,0.235737,0.189274,0.223805,0.196689,0.200195,0.18896,0.230989,0.180018,0.246089,0.232837,0.21634,0.165862,0.220809,0.194479,0.155613,0.170511,0.181787,0.168634,0.18447,0.190693,0.211385,0.245392,0.176231,0.172693,0.225121,0.149951,0.196319,0.191713,0.21693,0.194113,0.187093,0.155114,0.163156,0.190091,0.222464,0.169763,0.196494,0.199923,0.218554,0.207621,0.201055,0.164892,0.21272,0.16404,0.154254,0.227479,0.18983,0.186787,0.192261,0.189692,0.17245,0.160531,0.231813,0.237094,0.180632,0.203765,0.184528,0.244961,0.221849,0.151385,0.210969,0.181464,0.175376,0.228293,0.189222,0.198185,0.151929,0.148832,0.172637,0.203821,0.173352,0.150523,0.217103,0.156987,0.192011,0.235194,0.168848,0.209909,0.144805,0.223397,0.217694,0.244379,0.18892,0.199654,0.209423,0.216694,0.176289,0.190504,0.185044,0.184726,0.236471,0.153918,0.233595,0.19636,0.204788,0.220924,0.219326,0.202962,0.186171,0.196764,0.147148,0.231185,0.180395
Maximum delta,,0.690209485,0.685944,0.628265,0.701294,1.167389,1.099335,1.124939,0.562958,0.481384,0.606537,0.4552,0.630005,0.615112,0.555328,0.693848,0.462097,0.924957,1.186005,0.82901,0.477539,0.841461,1.224091,1.396729,0.661713,0.621246,0.544891,0.646179,0.58963,0.599976,0.585602,1.00592,0.840332,0.558411,0.951874,1.185059,0.536102,0.595245,0.610046,0.68576,0.750916,0.4487,0.478821,0.90033,0.472321,0.565216,0.55011,0.59494,0.584351,0.711639,0.727997,0.387848,0.506866,0.605865,0.53656,0.636993,0.526367,0.7052,1.143677,0.554962,1.006622,0.431122,0.705841,0.517822,0.435608,1.179016,0.414886,0.96347,0.363312,0.762817,0.987701,0.416046,0.52179,0.4328,0.545227,0.568451,0.773163,1.114777,1.249268,0.886597,0.613251,0.978027,0.660675,0.774292,0.568268,0.622986,0.721741,0.900787,0.521423,1.22464,0.647858,0.858795,0.47287,0.631927,0.744843,0.645081,0.383423,0.536865,1.056091,0.566559,0.477814,0.468292,0.794037,0.544983,0.828979,0.675781,0.431122,0.613892,0.64563,0.781097,0.46524,0.795807,0.366974,0.664764,0.464142,0.874115,0.595642,0.586761,0.454529,0.420471,0.888702,0.50058,0.422302,1.217285,0.586731,1.104889,1.147644,0.595093,0.530853,1.037903,0.732605,0.443787,1.005829,0.379333,0.746185,0.586945,0.480652,1.411499,0.460602,0.529663,0.798279,0.595398,0.509033,0.837952,1.330017,0.488312,0.551544,0.413208,0.632294,0.962585,0.970581,0.81366,0.595764,0.41449,0.526001,1.158813,0.488312,0.487244,0.56012,0.703766,1.02829,0.441589,0.546234,0.516266,0.572662,0.525482,1.134552,0.628693,0.489563,0.576569,1.020447,0.448486,0.703461,0.439331,0.667847,1.101654,1.175568,0.560883,0.517426,0.562347,0.506104,0.543518,0.599274,0.535004,0.417542,0.53125,1.402679,0.521606,0.508209,0.573273,0.689087,0.939056,0.600586,0.465881,1.179016,0.518219,0.514252,0.765686,0.469238,0.622223,1.025116,0.967804,0.652374,0.507172,0.915497,0.672729,0.807404,1.261597,0.412384,0.459045,0.932373,0.937408,0.468231,0.830383,0.681305,0.539795,0.466675,0.455658,0.810364,0.736938,1.122711,0.787323,0.468872,0.795654,0.541595,0.530731,0.591705,0.914307,0.534912,1.04541,0.87326,0.657806,0.382355,0.495087,0.482697,1.126343,0.661377,0.679077,0.550476,0.427551,0.613525,0.81604,0.645172,0.3974,0.437286,1.308502,0.604614,1.071106,0.597443,0.562866,0.958801,0.511597,0.437134,0.481567,0.557983,0.566315,0.61911,0.521973,0.826111,0.493347,0.449982,1.247681
Minimum delta,,0,0,0,0,0,0,0,0,0,0,0,0,0,0,0,0,0,0,0,0,0,0,0,0,0,0,0,0,0,0,0,0,0,0,0,0,0,0,0,0,0,0,0,0,0,0,0,0,0,0,0,0,0,0,0,0,0,0,0,0,0,0,0,0,0,0,0,0,0,0,0,0,0,0,0,0,0,0,0,0,0,0,0,0,0,0,0,0,0,0,0,0,0,0,0,0,0,0,0,0,0,0,0,0,0,0,0,0,0,0,0,0,0,0,0,0,0,0,0,0,0,0,0,0,0,0,0,0,0,0,0,0,0,0,0,0,0,0,0,0,0,0,0,0,0,0,0,0,0,0,0,0,0,0,0,0,0,0,0,0,0,0,0,0,0,0,0,0,0,0,0,0,0,0,0,0,0,0,0,0,0,0,0,0,0,0,0,0,0,0,0,0,0,0,0,0,0,0,0,0,0,0,0,0,0,0,0,0,0,0,0,0,0,0,0,0,0,0,0,0,0,0,0,0,0,0,0,0,0,0,0,0,0,0,0,0,0,0,0,0,0,0,0,0,0,0,0,0,0,0,0,0,0,0,0,0,0,0,0,0,0
Mean    delta,,0.019697846,0.012741,0.025345,0.027125,0.020248,0.01904,0.018308,0.020269,0.012442,0.019916,0.023826,0.023126,0.023427,0.021477,0.013131,0.025629,0.018956,0.019207,0.016683,0.016454,0.017958,0.018875,0.017876,0.015759,0.013486,0.023531,0.018451,0.024088,0.024458,0.022913,0.017507,0.018348,0.019698,0.017962,0.016656,0.023527,0.024373,0.015159,0.01945,0.019272,0.012825,0.011553,0.017494,0.025539,0.022889,0.021054,0.018053,0.021813,0.023722,0.020998,0.022861,0.012571,0.019109,0.023964,0.022544,0.011003,0.022199,0.018194,0.024459,0.01864,0.012908,0.024891,0.02126,0.019867,0.020196,0.012299,0.01915,0.011152,0.017569,0.016916,0.011917,0.017218,0.020029,0.02159,0.020484,0.019266,0.019158,0.01656,0.01763,0.027248,0.01783,0.023194,0.015963,0.022565,0.023683,0.01473,0.017052,0.022743,0.01962,0.023786,0.023929,0.020667,0.025689,0.014656,0.014337,0.016357,0.022807,0.02004,0.011683,0.012263,0.018513,0.018215,0.022975,0.021526,0.017996,0.02286,0.015941,0.018428,0.012995,0.019048,0.015489,0.020287,0.016501,0.02609,0.020224,0.022838,0.012144,0.01231,0.019484,0.013295,0.022211,0.023484,0.024337,0.019126,0.018659,0.018542,0.02112,0.011681,0.025095,0.022807,0.021622,0.025669,0.019713,0.024968,0.024375,0.018536,0.019868,0.012659,0.022558,0.01246,0.021315,0.015983,0.021579,0.019048,0.012043,0.021463,0.012834,0.024357,0.018077,0.02348,0.01947,0.01193,0.023425,0.023173,0.020043,0.010555,0.012219,0.021223,0.027199,0.021341,0.023769,0.023006,0.022818,0.021873,0.023396,0.019435,0.024039,0.024506,0.021084,0.012041,0.024487,0.019696,0.013047,0.018072,0.019367,0.019373,0.020173,0.021057,0.018241,0.026627,0.020495,0.014315,0.024557,0.011661,0.019202,0.019126,0.021707,0.023352,0.021791,0.01633,0.018694,0.02314,0.022833,0.019685,0.019987,0.018292,0.022651,0.020602,0.021088,0.018181,0.025127,0.018343,0.011573,0.026778,0.016484,0.019425,0.021585,0.019353,0.014175,0.012196,0.025887,0.026477,0.01929,0.018977,0.023096,0.024905,0.024247,0.017331,0.019622,0.019941,0.01403,0.025675,0.021842,0.014875,0.012413,0.010361,0.017717,0.022576,0.019689,0.015991,0.024407,0.012253,0.017371,0.024046,0.018573,0.023768,0.01624,0.023723,0.022632,0.026554,0.022607,0.019597,0.020444,0.022858,0.018415,0.022771,0.022794,0.022599,0.02695,0.017251,0.024525,0.020364,0.020734,0.02376,0.025113,0.024084,0.022558,0.01894,0.011764,0.022841,0.020638
RMS     delta,,0.036365135,0.025681,0.048303,0.047271,0.034838,0.033471,0.034906,0.037454,0.022573,0.036305,0.042397,0.045225,0.044531,0.040639,0.026424,0.047173,0.033612,0.035424,0.032216,0.031546,0.032153,0.034088,0.032775,0.030821,0.026922,0.043088,0.034351,0.046033,0.046757,0.043083,0.033165,0.032651,0.039211,0.031448,0.031162,0.04276,0.043236,0.028921,0.035534,0.036435,0.024546,0.023078,0.032136,0.04492,0.043432,0.040276,0.034168,0.042292,0.040132,0.038039,0.038907,0.025941,0.035373,0.043302,0.042717,0.023154,0.041429,0.031292,0.046147,0.034537,0.025125,0.043654,0.038974,0.03554,0.038025,0.024285,0.035752,0.023057,0.034243,0.033258,0.022835,0.032466,0.037957,0.041893,0.038083,0.036217,0.033443,0.032127,0.033504,0.05151,0.032673,0.043248,0.029831,0.042492,0.044632,0.027484,0.03186,0.04306,0.035347,0.044934,0.044892,0.037369,0.048901,0.027788,0.027975,0.032026,0.04293,0.036703,0.023459,0.023547,0.033865,0.03259,0.044911,0.040775,0.033592,0.040006,0.031664,0.033953,0.025637,0.03525,0.029132,0.034684,0.03126,0.043712,0.035878,0.04331,0.024891,0.023562,0.036356,0.024684,0.037601,0.040708,0.04294,0.03599,0.033731,0.031975,0.04135,0.023572,0.044542,0.03998,0.03727,0.046023,0.035062,0.043949,0.041799,0.033325,0.035791,0.026157,0.042315,0.02629,0.038472,0.030817,0.041281,0.035527,0.023116,0.040516,0.026287,0.045031,0.033859,0.045818,0.036324,0.023806,0.040368,0.043395,0.035342,0.021185,0.024614,0.039215,0.050597,0.037022,0.040852,0.04284,0.041972,0.04281,0.040718,0.035546,0.042636,0.044019,0.037482,0.024072,0.043016,0.035491,0.025283,0.033191,0.033854,0.034548,0.038505,0.04135,0.034429,0.046282,0.038783,0.026812,0.042889,0.022583,0.036383,0.033382,0.037515,0.04139,0.041989,0.030735,0.034737,0.043126,0.040564,0.035885,0.035487,0.035133,0.039771,0.03576,0.038351,0.03442,0.047644,0.033654,0.022335,0.04943,0.031971,0.034981,0.038386,0.034808,0.028102,0.023565,0.047421,0.045502,0.033391,0.035446,0.042367,0.043433,0.043488,0.031528,0.036764,0.035762,0.027539,0.046175,0.041321,0.027888,0.024673,0.021068,0.034293,0.041045,0.035907,0.030254,0.044262,0.024318,0.033097,0.041384,0.034505,0.043413,0.030081,0.041701,0.040734,0.046075,0.040281,0.036258,0.037023,0.040098,0.032876,0.04349,0.043357,0.043521,0.045969,0.032714,0.042601,0.037211,0.038239,0.042119,0.048192,0.045384,0.042047,0.034085,0.022714,0.039812,0.036468
Rough   frequency,,486.2192308,403,561,485,461,493,537,440,381,450,478,564,607,556,421,548,480,537,413,404,491,497,522,429,424,587,486,546,537,596,505,502,551,439,435,574,476,391,456,545,374,405,483,486,593,544,495,580,441,483,471,427,445,580,549,382,567,484,573,497,428,482,558,468,584,380,492,392,548,500,391,469,496,582,516,441,467,530,537,548,511,572,399,577,560,404,510,525,485,574,560,491,574,408,406,493,598,555,400,397,468,476,554,532,416,462,468,412,392,465,400,414,421,471,516,537,414,400,453,378,425,447,476,485,495,445,577,397,513,441,445,521,469,483,454,421,503,433,598,427,524,376,560,571,381,596,417,572,520,578,541,396,454,573,528,369,424,554,546,498,464,554,533,576,448,502,441,481,441,369,496,464,413,495,474,521,531,552,414,480,560,395,485,383,471,443,440,542,571,504,542,577,464,538,459,447,463,438,485,531,570,522,368,553,428,476,508,467,414,373,520,488,470,442,584,451,499,530,443,501,399,515,556,358,413,360,505,512,527,511,519,394,438,448,520,526,528,475,476,480,542,462,450,471,474,581,596,599,495,541,464,482,475,485,559,569,575,441,393,438,514
Volume adjustment,,1.004892308,1.005,1,1,1,1.003,1,1,1.001,1.033,1,1,1,1.002,1.001,1,1,1,1.004,1.019,1.016,1,1,1.011,1,1.007,1,1,1,1.003,1,1,1.023,1.008,1.011,1,1,1,1.027,1,1,1,1,1,1.017,1.017,1.018,1,1,1.002,1.005,1,1.008,1.006,1,1,1,1.011,1,1,1.016,1,1.025,1.027,1,1,1,1.001,1.005,1.025,1.001,1.029,1.027,1.006,1.002,1.011,1.005,1,1,1,1,1,1.004,1.017,1,1,1.004,1,1,1,1,1.021,1,1,1,1.03,1.011,1,1,1,1.029,1.003,1.003,1.019,1,1,1.008,1.017,1,1,1,1,1.002,1,1,1,1.001,1,1.028,1,1.002,1,1,1.027,1.007,1.004,1,1,1,1,1,1,1.029,1,1,1.033,1,1,1.014,1,1.02,1,1,1,1.004,1.001,1,1,1,1,1,1,1.009,1.004,1,1,1,1.008,1,1,1,1.008,1.002,1.002,1,1,1.039,1,1.025,1,1,1.028,1,1,1.012,1,1.011,1.018,1.019,1,1.014,1,1,1,1,1.005,1,1.005,1.003,1,1,1,1,1,1.026,1.004,1,1,1,1,1,1,1,1,1.025,1.016,1,1.009,1.012,1,1,1,1,1.01,1.005,1,1,1,1.016,1,1,1,1.001,1,1,1,1.005,1.02,1.008,1,1,1.007,1.015,1,1,1,1,1,1,1,1.022,1.03,1.033,1,1,1,1,1,1,1,1,1.001,1.018,1,1,1,1.001,1,1,1,1
Development Tag,,,Test,Test,Test,Training,Training,Training,Training,Test,Training,Training,Test,Training,Training,Training,Training,Dev,Training,Training,Training,Training,Training,Training,Training,Training,Test,Training,Training,Training,Training,Training,Training,Training,Training,Training,Training,Training,Training,Dev,Training,Training,Training,Training,Dev,Dev,Training,Training,Training,Training,Training,Training,Training,Test,Training,Training,Training,Training,Training,Training,Dev,Training,Training,Training,Training,Training,Training,Dev,Training,Test,Training,Training,Training,Training,Training,Training,Test,Training,Dev,Training,Training,Training,Training,Training,Training,Training,Training,Training,Training,Training,Training,Training,Training,Training,Training,Training,Training,Training,Training,Training,Training,Training,Test,Training,Training,Training,Training,Training,Training,Training,Training,Training,Training,Dev,Training,Training,Training,Training,Dev,Training,Test,Dev,Test,Dev,Training,Training,Training,Training,Training,Training,Training,Test,Training,Training,Training,Training,Test,Training,Training,Training,Training,Training,Training,Dev,Training,Training,Training,Training,Training,Training,Training,Training,Training,Training,Training,Training,Training,Training,Test,Training,Training,Training,Training,Training,Training,Training,Training,Dev,Training,Training,Training,Training,Dev,Training,Training,Test,Training,Training,Training,Dev,Test,Training,Training,Training,Training,Training,Training,Dev,Training,Training,Training,Dev,Dev,Training,Training,Dev,Training,Training,Test,Training,Training,Training,Training,Training,Training,Training,Training,Training,Dev,Test,Dev,Test,Training,Training,Training,Training,Training,Training,Training,Training,Training,Training,Training,Dev,Training,Training,Training,Training,Training,Training,Training,Training,Training,Training,Training,Test,Training,Training,Training,Training,Training,Training,Training,Training,Test,Dev,Dev,Training,Training,Training,Dev,Training,Training,Training,Training,Training,Training,Training,Training,Training,Dev,Training
,96233.96052,,,,,,,,,,,,,,,,,,,,,,,,,,,,,,,,,,,,,,,,,,,,,,,,,,,,,,,,,,,,,,,,,,,,,,,,,,,,,,,,,,,,,,,,,,,,,,,,,,,,,,,,,,,,,,,,,,,,,,,,,,,,,,,,,,,,,,,,,,,,,,,,,,,,,,,,,,,,,,,,,,,,,,,,,,,,,,,,,,,,,,,,,,,,,,,,,,,,,,,,,,,,,,,,,,,,,,,,,,,,,,,,,,,,,,,,,,,,,,,,,,,,,,,,,,,,,,,,,,,,,
